{
  "overall": {
    "rmse": 268.01591818030425,
    "r2": 0.9810036808388408,
    "n_test": 3416
  },
  "per_zone_r2_ci": {
    "Staten Island": {
      "point": -59615.20081062704,
      "lo": -239119.12563637184,
      "hi": -825.862534406813,
      "B": 2000,
      "alpha": 0.05
    },
    "EWR": {
      "point": -22.39797669115202,
      "lo": -85.65970577486247,
      "hi": 0.22277072641007287,
      "B": 2000,
      "alpha": 0.05
    },
    "Bronx": {
      "point": 0.5160116849324041,
      "lo": 0.4412297114267841,
      "hi": 0.5820407838396777,
      "B": 2000,
      "alpha": 0.05
    },
    "Unknown": {
      "point": 0.6058095070080971,
      "lo": 0.5557137689355048,
      "hi": 0.6508005946858388,
      "B": 2000,
      "alpha": 0.05
    },
    "Brooklyn": {
      "point": 0.6864987375081502,
      "lo": 0.6285168234383288,
      "hi": 0.7337107800111256,
      "B": 2000,
      "alpha": 0.05
    },
    "Queens": {
      "point": 0.8596941416790493,
      "lo": 0.8305139778048471,
      "hi": 0.8851562686325304,
      "B": 2000,
      "alpha": 0.05
    },
    "Manhattan": {
      "point": 0.9366221367429916,
      "lo": 0.9215297898869681,
      "hi": 0.9487341584442608,
      "B": 2000,
      "alpha": 0.05
    }
  },
  "temporal_ratio_ci": {
    "point": 14.310317555222326,
    "lo": 11.257735107091305,
    "hi": 22.776940949708507
  },
  "high_demand_degradation_ci": {
    "point": 186.63801437142254,
    "lo": 135.22617787090624,
    "hi": 247.53672042104031,
    "threshold": 5993.75
  },
  "conformal_coverage": {
    "alpha": 0.1,
    "nominal_coverage": 0.9,
    "interval_halfwidth": 281.0195357142858,
    "overall_coverage": 0.8981264637002342,
    "overall_avg_width": 562.0390714285716,
    "strata": {
      "overall": {
        "coverage": 0.8981264637002342,
        "n": 3416
      },
      "peak_hours": {
        "coverage": 0.8916761687571265,
        "n": 877
      },
      "off_peak": {
        "coverage": 0.9003544702638834,
        "n": 2539
      },
      "high_demand(>=p95)": {
        "coverage": 0.30994152046783624,
        "n": 171
      },
      "zone:Staten Island": {
        "coverage": 0.9789473684210527,
        "n": 95
      }
    }
  }
}