{
  "overall": {
    "rmse": 35.099538807543404,
    "r2": 0.9387579149996375,
    "n_test": 1089
  },
  "per_zone_r2_ci": {
    "Far Southwest": {
      "point": -0.014681290495887955,
      "lo": -1.3229705302637262,
      "hi": 0.6145388129384229,
      "B": 2000,
      "alpha": 0.05
    },
    "Northwest": {
      "point": 0.5738975843778151,
      "lo": 0.44331670338155194,
      "hi": 0.689050037255773,
      "B": 2000,
      "alpha": 0.05
    },
    "Southwest": {
      "point": 0.7026863710729268,
      "lo": 0.5993237224100214,
      "hi": 0.7991491556835952,
      "B": 2000,
      "alpha": 0.05
    },
    "North": {
      "point": 0.7386563621035034,
      "lo": 0.6379436002102863,
      "hi": 0.8170472032657249,
      "B": 2000,
      "alpha": 0.05
    },
    "Far Southeast": {
      "point": 0.7593272915061944,
      "lo": 0.6632032263747506,
      "hi": 0.8318441270955982,
      "B": 2000,
      "alpha": 0.05
    },
    "Unknown": {
      "point": 0.79403277882143,
      "lo": 0.7133104296630657,
      "hi": 0.8505257613474121,
      "B": 2000,
      "alpha": 0.05
    },
    "Far North": {
      "point": 0.8207373729146389,
      "lo": 0.7026670917452854,
      "hi": 0.8990793415858707,
      "B": 2000,
      "alpha": 0.05
    },
    "Central": {
      "point": 0.8542733078314904,
      "lo": 0.8069903036653205,
      "hi": 0.8895616773537911,
      "B": 2000,
      "alpha": 0.05
    },
    "South": {
      "point": 0.8547821434365968,
      "lo": 0.7905175827612679,
      "hi": 0.9071974970316912,
      "B": 2000,
      "alpha": 0.05
    },
    "West": {
      "point": 0.8905414837251744,
      "lo": 0.8435485640379281,
      "hi": 0.921031769460778,
      "B": 2000,
      "alpha": 0.05
    }
  },
  "temporal_ratio_ci": {
    "point": 17.877483222550282,
    "lo": 12.568286666476515,
    "hi": 32.16493349945187
  },
  "high_demand_degradation_ci": {
    "point": 480.80346369719064,
    "lo": 377.2628061185488,
    "hi": 606.5828665367044,
    "threshold": 407.99999999999955
  },
  "conformal_coverage": {
    "alpha": 0.1,
    "nominal_coverage": 0.9,
    "interval_halfwidth": 29.2538373015873,
    "overall_coverage": 0.8613406795224977,
    "overall_avg_width": 58.5076746031746,
    "strata": {
      "overall": {
        "coverage": 0.8613406795224977,
        "n": 1089
      },
      "peak_hours": {
        "coverage": 0.8071428571428572,
        "n": 280
      },
      "off_peak": {
        "coverage": 0.8800988875154512,
        "n": 809
      },
      "high_demand(>=p95)": {
        "coverage": 0.09090909090909091,
        "n": 55
      },
      "zone:Far Southwest": {
        "coverage": 1.0,
        "n": 101
      }
    }
  }
}