{
  "data": "data/processed/chicago_taxi_sides.csv",
  "lookback_L": 24,
  "device": "cuda",
  "random_forest": {
    "overall": {
      "rmse": 35.099538807543404,
      "r2": 0.9387579149996375,
      "n_test": 1089
    },
    "temporal_ratio_ci": [
      17.87748322255027,
      12.568286666476514,
      32.16493349945185
    ],
    "high_demand_degradation_ci": [
      480.80346369719064,
      377.2628061185488,
      606.5828665367046
    ]
  },
  "models": {
    "full": {
      "overall": {
        "rmse": 28.248384475708008,
        "r2": 0.9603325724601746,
        "mae": 13.678105354309082,
        "n_test": 1089
      },
      "temporal_ratio_ci": [
        5.664,
        4.995,
        14.739
      ],
      "high_demand_degradation_ci": [
        352.041,
        261.656,
        445.674
      ],
      "per_zone_r2_ci": {
        "Central": [
          0.918,
          0.892,
          0.939
        ],
        "Far North": [
          0.807,
          0.697,
          0.875
        ],
        "Far Southeast": [
          0.79,
          0.706,
          0.847
        ],
        "Far Southwest": [
          0.545,
          0.402,
          0.647
        ],
        "North": [
          0.85,
          0.802,
          0.891
        ],
        "Northwest": [
          0.457,
          0.32,
          0.563
        ],
        "South": [
          0.885,
          0.846,
          0.916
        ],
        "Southwest": [
          0.665,
          0.564,
          0.75
        ],
        "Unknown": [
          0.717,
          0.619,
          0.793
        ],
        "West": [
          0.904,
          0.864,
          0.928
        ]
      },
      "n_params": 94982,
      "epochs_trained": 81
    },
    "no_spatial": {
      "overall": {
        "rmse": 25.226680755615234,
        "r2": 0.9683650135993958,
        "mae": 12.645576477050781,
        "n_test": 1089
      },
      "temporal_ratio_ci": [
        6.303,
        5.588,
        18.499
      ],
      "high_demand_degradation_ci": [
        251.469,
        174.144,
        340.61
      ],
      "per_zone_r2_ci": {
        "Central": [
          0.934,
          0.904,
          0.956
        ],
        "Far North": [
          0.87,
          0.803,
          0.912
        ],
        "Far Southeast": [
          0.732,
          0.634,
          0.806
        ],
        "Far Southwest": [
          0.439,
          0.284,
          0.554
        ],
        "North": [
          0.825,
          0.751,
          0.879
        ],
        "Northwest": [
          0.337,
          0.14,
          0.47
        ],
        "South": [
          0.915,
          0.887,
          0.937
        ],
        "Southwest": [
          0.689,
          0.595,
          0.77
        ],
        "Unknown": [
          0.632,
          0.518,
          0.728
        ],
        "West": [
          0.923,
          0.886,
          0.944
        ]
      },
      "n_params": 94982,
      "epochs_trained": 120
    },
    "no_temporal": {
      "overall": {
        "rmse": 35.75015640258789,
        "r2": 0.9364664554595947,
        "mae": 16.53708839416504,
        "n_test": 1089
      },
      "temporal_ratio_ci": [
        8.416,
        6.108,
        17.553
      ],
      "high_demand_degradation_ci": [
        403.448,
        292.206,
        524.404
      ],
      "per_zone_r2_ci": {
        "Central": [
          0.868,
          0.825,
          0.905
        ],
        "Far North": [
          0.719,
          0.579,
          0.814
        ],
        "Far Southeast": [
          0.75,
          0.647,
          0.826
        ],
        "Far Southwest": [
          0.535,
          0.369,
          0.648
        ],
        "North": [
          0.757,
          0.664,
          0.837
        ],
        "Northwest": [
          0.46,
          0.331,
          0.558
        ],
        "South": [
          0.896,
          0.864,
          0.922
        ],
        "Southwest": [
          0.68,
          0.588,
          0.753
        ],
        "Unknown": [
          0.637,
          0.521,
          0.72
        ],
        "West": [
          0.819,
          0.778,
          0.851
        ]
      },
      "n_params": 94982,
      "epochs_trained": 77
    },
    "no_hierarchical": {
      "overall": {
        "rmse": 28.386821746826172,
        "r2": 0.9599428176879883,
        "mae": 13.78390121459961,
        "n_test": 1089
      },
      "temporal_ratio_ci": [
        6.444,
        5.308,
        17.203
      ],
      "high_demand_degradation_ci": [
        345.361,
        255.301,
        442.446
      ],
      "per_zone_r2_ci": {
        "Central": [
          0.916,
          0.891,
          0.936
        ],
        "Far North": [
          0.808,
          0.703,
          0.873
        ],
        "Far Southeast": [
          0.768,
          0.669,
          0.838
        ],
        "Far Southwest": [
          0.501,
          0.318,
          0.626
        ],
        "North": [
          0.834,
          0.769,
          0.887
        ],
        "Northwest": [
          0.48,
          0.35,
          0.584
        ],
        "South": [
          0.9,
          0.864,
          0.927
        ],
        "Southwest": [
          0.674,
          0.57,
          0.767
        ],
        "Unknown": [
          0.727,
          0.61,
          0.801
        ],
        "West": [
          0.915,
          0.882,
          0.934
        ]
      },
      "n_params": 82242,
      "epochs_trained": 92
    },
    "stgcn": {
      "overall": {
        "rmse": 53.63737869262695,
        "r2": 0.8569847941398621,
        "mae": 22.646066665649414,
        "n_test": 1089
      },
      "temporal_ratio_ci": [
        8.607,
        7.948,
        27.156
      ],
      "high_demand_degradation_ci": [
        538.331,
        405.033,
        692.139
      ],
      "per_zone_r2_ci": {
        "Central": [
          0.671,
          0.574,
          0.754
        ],
        "Far North": [
          0.555,
          0.379,
          0.681
        ],
        "Far Southeast": [
          0.463,
          0.249,
          0.612
        ],
        "Far Southwest": [
          0.244,
          0.011,
          0.403
        ],
        "North": [
          0.581,
          0.461,
          0.681
        ],
        "Northwest": [
          0.38,
          0.238,
          0.484
        ],
        "South": [
          0.774,
          0.719,
          0.824
        ],
        "Southwest": [
          0.669,
          0.566,
          0.763
        ],
        "Unknown": [
          0.546,
          0.454,
          0.623
        ],
        "West": [
          0.635,
          0.538,
          0.737
        ]
      },
      "n_params": 9537,
      "epochs_trained": 61
    },
    "gwn": {
      "overall": {
        "rmse": 28.95576286315918,
        "r2": 0.9583210349082947,
        "mae": 13.979574203491211,
        "n_test": 1089
      },
      "temporal_ratio_ci": [
        10.857,
        8.647,
        17.612
      ],
      "high_demand_degradation_ci": [
        291.956,
        207.146,
        388.056
      ],
      "per_zone_r2_ci": {
        "Central": [
          0.931,
          0.908,
          0.95
        ],
        "Far North": [
          0.726,
          0.573,
          0.828
        ],
        "Far Southeast": [
          0.717,
          0.6,
          0.801
        ],
        "Far Southwest": [
          0.396,
          0.162,
          0.549
        ],
        "North": [
          0.805,
          0.737,
          0.868
        ],
        "Northwest": [
          0.418,
          0.25,
          0.537
        ],
        "South": [
          0.851,
          0.811,
          0.887
        ],
        "Southwest": [
          0.648,
          0.541,
          0.743
        ],
        "Unknown": [
          0.625,
          0.503,
          0.71
        ],