{
  "data": "data/processed/chicago_taxi_sides.csv",
  "lookback_L": 24,
  "random_forest": {
    "overall": {
      "rmse": 35.099538807543404,
      "r2": 0.9387579149996375,
      "n_test": 1089
    },
    "temporal_ratio_ci": [
      17.877483222550275,
      12.568286666476514,
      32.164933499451855
    ],
    "high_demand_degradation_ci": [
      480.80346369719064,
      377.2628061185488,
      606.5828665367046
    ]
  },
  "st_hae": {
    "full": {
      "overall": {
        "rmse": 30.381471633911133,
        "r2": 0.954115629196167,
        "mae": 14.558576583862305,
        "n_test": 1089
      },
      "temporal_ratio_ci": [
        7.0,
        6.401,
        14.555
      ],
      "high_demand_degradation_ci": [
        355.333,
        276.099,
        449.377
      ],
      "per_zone_r2_ci": {
        "Central": [
          0.899,
          0.862,
          0.928
        ],
        "Far North": [
          0.801,
          0.684,
          0.873
        ],
        "Far Southeast": [
          0.769,
          0.681,
          0.83
        ],
        "Far Southwest": [
          0.529,
          0.369,
          0.637
        ],
        "North": [
          0.847,
          0.796,
          0.887
        ],
        "Northwest": [
          0.398,
          0.244,
          0.517
        ],
        "South": [
          0.888,
          0.854,
          0.917
        ],
        "Southwest": [
          0.733,
          0.646,
          0.81
        ],
        "Unknown": [
          0.767,
          0.686,
          0.83
        ],
        "West": [
          0.904,
          0.861,
          0.929
        ]
      },
      "n_params": 94982,
      "epochs_trained": 120
    },
    "no_spatial": {
      "overall": {
        "rmse": 28.07928466796875,
        "r2": 0.9608060121536255,
        "mae": 12.958428382873535,
        "n_test": 1089
      },
      "temporal_ratio_ci": [
        6.717,
        6.376,
        27.214
      ],
      "high_demand_degradation_ci": [
        332.608,
        187.581,
        487.825
      ],
      "per_zone_r2_ci": {
        "Central": [
          0.923,
          0.88,
          0.956
        ],
        "Far North": [
          0.875,
          0.816,
          0.913
        ],
        "Far Southeast": [
          0.749,
          0.658,
          0.817
        ],
        "Far Southwest": [
          0.413,
          0.212,
          0.557
        ],
        "North": [
          0.806,
          0.728,
          0.868
        ],
        "Northwest": [
          0.301,
          0.142,
          0.429
        ],
        "South": [
          0.9,
          0.867,
          0.927
        ],
        "Southwest": [
          0.657,
          0.547,
          0.763
        ],
        "Unknown": [
          0.561,
          0.445,
          0.663
        ],
        "West": [
          0.84,
          0.765,
          0.902
        ]
      },
      "n_params": 94982,
      "epochs_trained": 120
    },
    "no_temporal": {
      "overall": {
        "rmse": 35.56018829345703,
        "r2": 0.9371398687362671,
        "mae": 16.526674270629883,
        "n_test": 1089
      },
      "temporal_ratio_ci": [
        8.256,
        6.016,
        16.917
      ],
      "high_demand_degradation_ci": [
        398.671,
        288.369,
        518.575
      ],
      "per_zone_r2_ci": {
        "Central": [
          0.87,
          0.828,
          0.906
        ],
        "Far North": [
          0.717,
          0.576,
          0.812
        ],
        "Far Southeast": [
          0.752,
          0.649,
          0.827
        ],
        "Far Southwest": [
          0.535,
          0.37,
          0.648
        ],
        "North": [
          0.759,
          0.668,
          0.838
        ],
        "Northwest": [
          0.46,
          0.331,
          0.557
        ],
        "South": [
          0.895,
          0.864,
          0.922
        ],
        "Southwest": [
          0.679,
          0.587,
          0.752
        ],
        "Unknown": [
          0.637,
          0.522,
          0.72
        ],
        "West": [
          0.82,
          0.778,
          0.852
        ]
      },
      "n_params": 94982,
      "epochs_trained": 77
    },
    "no_hierarchical": {
      "overall": {
        "rmse": 30.239233016967773,
        "r2": 0.9545442461967468,
        "mae": 14.159965515136719,
        "n_test": 1089
      },
      "temporal_ratio_ci": [
        9.948,
        8.137,
        28.317
      ],
      "high_demand_degradation_ci": [
        372.282,
        271.091,
        481.159
      ],
      "per_zone_r2_ci": {
        "Central": [
          0.901,
          0.873,
          0.926
        ],
        "Far North": [
          0.803,
          0.705,
          0.866
        ],
        "Far Southeast": [
          0.765,
          0.665,
          0.835
        ],
        "Far Southwest": [
          0.515,
          0.343,
          0.634
        ],
        "North": [
          0.836,
          0.777,
          0.89
        ],
        "Northwest": [
          0.463,
          0.324,
          0.572
        ],
        "South": [
          0.895,
          0.86,
          0.924
        ],
        "Southwest": [
          0.662,
          0.556,
          0.754
        ],
        "Unknown": [
          0.709,
          0.596,
          0.785
        ],
        "West": [
          0.902,
          0.875,
          0.921
        ]
      },
      "n_params": 82242,
      "epochs_trained": 77
    }
  }
}