{
  "data": "data/processed/nyc_taxi_boroughs.csv",
  "lookback_L": 24,
  "device": "cuda",
  "random_forest": {
    "overall": {
      "rmse": 268.01591818030425,
      "r2": 0.9810036808388408,
      "n_test": 3416
    },
    "temporal_ratio_ci": [
      14.310317555222323,
      11.2577351070913,
      22.7769409497085
    ],
    "high_demand_degradation_ci": [
      186.63801437142254,
      135.22617787090624,
      247.5367204210404
    ]
  },
  "models": {
    "full": {
      "overall": {
        "rmse": 271.8683776855469,
        "r2": 0.9804536700248718,
        "mae": 103.79331970214844,
        "n_test": 3416
      },
      "temporal_ratio_ci": [
        7.467,
        5.9,
        12.463
      ],
      "high_demand_degradation_ci": [
        228.967,
        183.619,
        282.544
      ],
      "per_zone_r2_ci": {
        "Bronx": [
          0.547,
          0.475,
          0.614
        ],
        "Brooklyn": [
          0.601,
          0.545,
          0.646
        ],
        "EWR": [
          -0.14,
          -0.447,
          0.055
        ],
        "Manhattan": [
          0.934,
          0.923,
          0.945
        ],
        "Queens": [
          0.893,
          0.875,
          0.91
        ],
        "Staten Island": [
          -0.047,
          -0.273,
          0.073
        ],
        "Unknown": [
          0.681,
          0.639,
          0.718
        ]
      },
      "n_params": 94934,
      "epochs_trained": 48
    },
    "no_spatial": {
      "overall": {
        "rmse": 192.05148315429688,
        "r2": 0.9902459979057312,
        "mae": 73.27680206298828,
        "n_test": 3416
      },
      "temporal_ratio_ci": [
        6.23,
        5.59,
        10.895
      ],
      "high_demand_degradation_ci": [
        321.267,
        242.254,
        410.434
      ],
      "per_zone_r2_ci": {
        "Bronx": [
          0.568,
          0.497,
          0.631
        ],
        "Brooklyn": [
          0.584,
          0.533,
          0.632
        ],
        "EWR": [
          -1.152,
          -2.956,
          -0.224
        ],
        "Manhattan": [
          0.968,
          0.96,
          0.974
        ],
        "Queens": [
          0.899,
          0.879,
          0.917
        ],
        "Staten Island": [
          -0.064,
          -0.452,
          0.099
        ],
        "Unknown": [
          0.643,
          0.585,
          0.692
        ]
      },
      "n_params": 94934,
      "epochs_trained": 82
    },
    "no_temporal": {
      "overall": {
        "rmse": 284.97344970703125,
        "r2": 0.9785237908363342,
        "mae": 111.24420928955078,
        "n_test": 3416
      },
      "temporal_ratio_ci": [
        4.493,
        3.748,
        7.509
      ],
      "high_demand_degradation_ci": [
        263.062,
        208.148,
        324.407
      ],
      "per_zone_r2_ci": {
        "Bronx": [
          0.409,
          0.315,
          0.487
        ],
        "Brooklyn": [
          0.495,
          0.443,
          0.546
        ],
        "EWR": [
          -0.065,
          -0.343,
          0.152
        ],
        "Manhattan": [
          0.928,
          0.915,
          0.939
        ],
        "Queens": [
          0.86,
          0.831,
          0.885
        ],
        "Staten Island": [
          -0.025,
          -0.324,
          0.093
        ],
        "Unknown": [
          0.65,
          0.605,
          0.689
        ]
      },
      "n_params": 94934,
      "epochs_trained": 73
    },
    "no_hierarchical": {
      "overall": {
        "rmse": 278.8143615722656,
        "r2": 0.9794421195983887,
        "mae": 106.5708999633789,
        "n_test": 3416
      },
      "temporal_ratio_ci": [
        6.51,
        5.661,
        11.083
      ],
      "high_demand_degradation_ci": [
        224.235,
        179.403,
        277.353
      ],
      "per_zone_r2_ci": {
        "Bronx": [
          0.536,
          0.465,
          0.599
        ],
        "Brooklyn": [
          0.544,
          0.482,
          0.595
        ],
        "EWR": [
          -0.11,
          -0.418,
          0.072
        ],
        "Manhattan": [
          0.931,
          0.918,
          0.942
        ],
        "Queens": [
          0.893,
          0.873,
          0.911
        ],
        "Staten Island": [
          -0.043,
          -0.265,
          0.08
        ],
        "Unknown": [
          0.652,
          0.61,
          0.693
        ]
      },
      "n_params": 82194,
      "epochs_trained": 78
    },
    "stgcn": {
      "overall": {
        "rmse": 350.5325622558594,
        "r2": 0.9675058722496033,
        "mae": 135.7949676513672,
        "n_test": 3416
      },
      "temporal_ratio_ci": [
        5.092,
        4.245,
        8.558
      ],
      "high_demand_degradation_ci": [
        197.797,
        155.822,
        244.663
      ],
      "per_zone_r2_ci": {
        "Bronx": [
          0.44,
          0.349,
          0.521
        ],
        "Brooklyn": [
          0.405,
          0.337,
          0.47
        ],
        "EWR": [
          -0.195,
          -0.578,
          0.089
        ],
        "Manhattan": [
          0.891,
          0.875,
          0.906
        ],
        "Queens": [
          0.754,
          0.707,
          0.801
        ],
        "Staten Island": [
          -0.166,
          -0.323,
          -0.074
        ],
        "Unknown": [
          0.674,
          0.63,
          0.712
        ]
      },
      "n_params": 9537,
      "epochs_trained": 45
    },
    "gwn": {
      "overall": {
        "rmse": 267.2073669433594,
        "r2": 0.9811181426048279,
        "mae": 103.73844909667969,
        "n_test": 3416
      },
      "temporal_ratio_ci": [
        5.009,
        4.115,
        8.128
      ],
      "high_demand_degradation_ci": [
        255.037,
        197.069,
        313.473
      ],
      "per_zone_r2_ci": {
        "Bronx": [
          0.602,
          0.535,
          0.658
        ],
        "Brooklyn": [
          0.613,
          0.571,
          0.657
        ],
        "EWR": [
          -0.168,
          -0.619,
          0.109
        ],
        "Manhattan": [
          0.937,
          0.925,
          0.947
        ],
        "Queens": [
          0.849,
          0.817,
          0.875
        ],
        "Staten Island": [
          -0.019,
          -0.303,
          0.076
        ],
        "Unknown": [
          0.698,
          0.656,
          0.734
        ]
      },
      "n_params": 20333,
      "epochs_trained": 42
    }
  }
}