{
  "data": "data/processed/nyc_taxi_boroughs.csv",
  "lookback_L": 24,
  "random_forest": {
    "overall": {
      "rmse": 268.01591818030425,
      "r2": 0.9810036808388408,
      "n_test": 3416
    },
    "temporal_ratio_ci": [
      14.310317555222323,
      11.257735107091301,
      22.7769409497085
    ],
    "high_demand_degradation_ci": [
      186.63801437142254,
      135.22617787090624,
      247.5367204210404
    ]
  },
  "st_hae": {
    "full": {
      "overall": {
        "rmse": 254.39341735839844,
        "r2": 0.9828856587409973,
        "mae": 96.93976593017578,
        "n_test": 3416
      },
      "temporal_ratio_ci": [
        10.108,
        8.32,
        14.788
      ],
      "high_demand_degradation_ci": [
        238.799,
        192.777,
        292.026
      ],
      "per_zone_r2_ci": {
        "Bronx": [
          0.567,
          0.495,
          0.631
        ],
        "Brooklyn": [
          0.599,
          0.535,
          0.652
        ],
        "EWR": [
          -0.167,
          -0.4,
          0.032
        ],
        "Manhattan": [
          0.943,
          0.933,
          0.952
        ],
        "Queens": [
          0.88,
          0.858,
          0.899
        ],
        "Staten Island": [
          -0.393,
          -1.277,
          -0.044
        ],
        "Unknown": [
          0.672,
          0.631,
          0.71
        ]
      },
      "n_params": 94934,
      "epochs_trained": 75
    },
    "no_spatial": {
      "overall": {
        "rmse": 192.25172424316406,
        "r2": 0.990225613117218,
        "mae": 71.88773345947266,
        "n_test": 3416
      },
      "temporal_ratio_ci": [
        6.192,
        5.743,
        11.187
      ],
      "high_demand_degradation_ci": [
        321.758,
        242.366,
        407.509
      ],
      "per_zone_r2_ci": {
        "Bronx": [
          0.56,
          0.483,
          0.63
        ],
        "Brooklyn": [
          0.626,
          0.579,
          0.673
        ],
        "EWR": [
          -0.76,
          -2.03,
          -0.147
        ],
        "Manhattan": [
          0.968,
          0.96,
          0.974
        ],
        "Queens": [
          0.899,
          0.878,
          0.918
        ],
        "Staten Island": [
          -0.021,
          -0.38,
          0.139
        ],
        "Unknown": [
          0.622,
          0.55,
          0.681
        ]
      },
      "n_params": 94934,
      "epochs_trained": 82
    },
    "no_temporal": {
      "overall": {
        "rmse": 285.9388427734375,
        "r2": 0.9783780574798584,
        "mae": 111.81427764892578,
        "n_test": 3416
      },
      "temporal_ratio_ci": [
        4.449,
        3.728,
        7.603
      ],
      "high_demand_degradation_ci": [
        243.637,
        192.964,
        303.42
      ],
      "per_zone_r2_ci": {
        "Bronx": [
          0.484,
          0.407,
          0.551
        ],
        "Brooklyn": [
          0.504,
          0.451,
          0.555
        ],
        "EWR": [
          -0.047,
          -0.305,
          0.17
        ],
        "Manhattan": [
          0.927,
          0.914,
          0.938
        ],
        "Queens": [
          0.86,
          0.831,
          0.885
        ],
        "Staten Island": [
          -0.001,
          -0.249,
          0.102
        ],
        "Unknown": [
          0.654,
          0.61,
          0.691
        ]
      },
      "n_params": 94934,
      "epochs_trained": 69
    },
    "no_hierarchical": {
      "overall": {
        "rmse": 274.36224365234375,
        "r2": 0.9800934195518494,
        "mae": 101.94996643066406,
        "n_test": 3416
      },
      "temporal_ratio_ci": [
        7.647,
        6.315,
        13.186
      ],
      "high_demand_degradation_ci": [
        221.304,
        170.841,
        279.325
      ],
      "per_zone_r2_ci": {
        "Bronx": [
          0.513,
          0.441,
          0.578
        ],
        "Brooklyn": [
          0.54,
          0.472,
          0.597
        ],
        "EWR": [
          -0.229,
          -0.623,
          0.006
        ],
        "Manhattan": [
          0.933,
          0.92,
          0.945
        ],
        "Queens": [
          0.887,
          0.867,
          0.906
        ],
        "Staten Island": [
          -0.043,
          -0.221,
          0.091
        ],
        "Unknown": [
          0.667,
          0.624,
          0.706
        ]
      },
      "n_params": 82194,
      "epochs_trained": 74
    }
  }
}